,0,name,url,capacity,rpm,cache,interface,PRICE
0,0,WESTERN DIGITAL WD60EZAZ-RT [6TB SATA600 5400],https://kakaku.com/item/K0001133799/,6000.0,5400.0,256000.0,SerialATA600,10969
1,1,SEAGATE ST8000DM004 [8TB SATA600 5400],https://kakaku.com/item/K0001026180/,8000.0,5400.0,256000.0,SerialATA600,13950
2,2,SEAGATE ST4000DM004 [4TB SATA600 5400],https://kakaku.com/item/K0000983050/,4000.0,5400.0,256000.0,SerialATA600,7649
3,3,WESTERN DIGITAL WD40EZRZ-RT2 [4TB SATA600 5400],https://kakaku.com/item/K0000927098/,4000.0,5400.0,64000.0,SerialATA600,8126
4,4,SEAGATE ST6000DM003 [6TB SATA600 5400],https://kakaku.com/item/K0001026181/,6000.0,5400.0,256000.0,SerialATA600,10475
5,5,東芝 DT01ACA200 [2TB SATA600 7200],https://kakaku.com/item/K0000406684/,2000.0,7200.0,64000.0,SerialATA600,5768
6,6,東芝 DT01ACA100 [1TB SATA600 7200],https://kakaku.com/item/K0000391558/,1000.0,7200.0,32000.0,SerialATA600,3993
7,7,WESTERN DIGITAL WD80EFAX [8TB SATA600 5400],https://kakaku.com/item/K0001058221/,8000.0,5400.0,256000.0,SerialATA600,26880
8,8,WESTERN DIGITAL WD20EFAX-RT [2TB SATA600 5400],https://kakaku.com/item/K0001150830/,2000.0,5400.0,256000.0,SerialATA600,8228
9,9,WESTERN DIGITAL WD20EZAZ-RT [2TB SATA600 5400],https://kakaku.com/item/K0001098284/,2000.0,5400.0,256000.0,SerialATA600,6356
10,10,東芝 MD05ACA800 [8TB SATA600 7200],https://kakaku.com/item/K0000964013/,8000.0,7200.0,128000.0,SerialATA600,19228
11,11,WESTERN DIGITAL WD60EFAX-RT [6TB SATA600 5400],https://kakaku.com/item/K0001135667/,6000.0,5400.0,256000.0,SerialATA600,21901
12,13,SEAGATE ST4000VN008 [4TB SATA600 5900],https://kakaku.com/item/K0000896131/,4000.0,5900.0,64000.0,SerialATA600,13284
13,14,WESTERN DIGITAL WD10EZEX [1TB SATA600 7200],https://kakaku.com/item/K0000385373/,1000.0,7200.0,64000.0,SerialATA600,4917
14,15,WESTERN DIGITAL WD40PURZ [4TB SATA600 5400],https://kakaku.com/item/K0000966644/,4000.0,5400.0,64000.0,SerialATA600,11429
15,16,WESTERN DIGITAL WD40EFRX-RT2 [4TB SATA600 5400],https://kakaku.com/item/K0000927099/,4000.0,5400.0,64000.0,SerialATA600,15169
16,17,WESTERN DIGITAL WD30EFRX [3TB SATA600 5400],https://kakaku.com/item/K0000401036/,3000.0,5400.0,64000.0,SerialATA600,10758
17,18,SEAGATE ST2000DM008 [2TB SATA600 7200],https://kakaku.com/item/K0001101158/,2000.0,7200.0,256000.0,SerialATA600,6498
18,19,SEAGATE ST8000VN004 [8TB SATA600 7200],https://kakaku.com/item/K0001174592/,8000.0,7200.0,256000.0,SerialATA600,23937
19,22,SEAGATE ST1000DM010 [1TB SATA600 7200],https://kakaku.com/item/K0000919026/,1000.0,7200.0,64000.0,SerialATA600,4555
20,23,SEAGATE ST2000DM005 [2TB SATA600 5400],https://kakaku.com/item/K0001075415/,2000.0,5400.0,256000.0,SerialATA600,6050
21,25,東芝 DT01ACA300 [3TB SATA600 7200],https://kakaku.com/item/K0000406683/,3000.0,7200.0,64000.0,SerialATA600,7139
22,26,SEAGATE ST3000DM007 [3TB SATA600 5400],https://kakaku.com/item/K0001023197/,3000.0,5400.0,256000.0,SerialATA600,7148
23,27,WESTERN DIGITAL WD82PURZ [8TB SATA600 7200],https://kakaku.com/item/K0001160217/,8000.0,7200.0,256000.0,SerialATA600,24058
24,28,WESTERN DIGITAL WD20PURZ [2TB SATA600 5400],https://kakaku.com/item/K0000966642/,2000.0,5400.0,64000.0,SerialATA600,7037
25,30,東芝 DT01ACA050 [500GB SATA600 7200],https://kakaku.com/item/K0000391560/,500.0,7200.0,32000.0,SerialATA600,4028
26,31,WESTERN DIGITAL WD120EFAX [12TB SATA600 5400],https://kakaku.com/item/K0001163678/,12000.0,5400.0,256000.0,SerialATA600,44779
27,33,SEAGATE ST16000VN001 [16TB SATA600 7200],https://kakaku.com/item/K0001177767/,16000.0,7200.0,256000.0,SerialATA600,58278
28,34,WESTERN DIGITAL WD60PURZ [6TB SATA600 5400],https://kakaku.com/item/K0000966645/,6000.0,5400.0,64000.0,SerialATA600,18977
29,35,SEAGATE ST14000VN0008 [14TB SATA600 7200],https://kakaku.com/item/K0001090643/,14000.0,7200.0,256000.0,SerialATA600,49879
30,36,WESTERN DIGITAL WD141KRYZ [14TB SATA600 7200],https://kakaku.com/item/K0001207349/,14000.0,7200.0,512000.0,SerialATA600,63780
31,38,SEAGATE ST8000VN0022 [8TB SATA600 7200],https://kakaku.com/item/K0000896129/,8000.0,7200.0,256000.0,SerialATA600,26949
32,39,WESTERN DIGITAL WD30EZRZ-RT [3TB SATA600 5400],https://kakaku.com/item/K0000820181/,3000.0,5400.0,64000.0,SerialATA600,7827
33,41,WESTERN DIGITAL WD10EFRX [1TB SATA600 5400],https://kakaku.com/item/K0000401034/,1000.0,5400.0,64000.0,SerialATA600,7451
34,42,WESTERN DIGITAL WD30PURZ [3TB SATA600 5400],https://kakaku.com/item/K0000966643/,3000.0,5400.0,64000.0,SerialATA600,8951
35,43,WESTERN DIGITAL WD4005FZBX [4TB SATA600 7200],https://kakaku.com/item/K0001035976/,4000.0,7200.0,256000.0,SerialATA600,19841
36,44,SEAGATE ST6000VN0033 [6TB SATA600 7200],https://kakaku.com/item/K0001026182/,6000.0,7200.0,256000.0,SerialATA600,19763
37,46,WESTERN DIGITAL WD101EFAX [10TB SATA600 5400],https://kakaku.com/item/K0001224708/,10000.0,5400.0,256000.0,SerialATA600,38799
38,47,SEAGATE ST2000VN004 [2TB SATA600 5900],https://kakaku.com/item/K0000896133/,2000.0,5900.0,64000.0,SerialATA600,9108
39,48,SEAGATE ST16000NE000 [16TB SATA600 7200],https://kakaku.com/item/K0001179848/,16000.0,7200.0,256000.0,SerialATA600,69739
40,49,SEAGATE ST3000VN007 [3TB SATA600 5900],https://kakaku.com/item/K0000896132/,3000.0,5900.0,64000.0,SerialATA600,10552
41,50,WESTERN DIGITAL WD102PURZ [10TB SATA600 7200],https://kakaku.com/item/K0001221780/,10000.0,7200.0,256000.0,SerialATA600,31800
42,51,WESTERN DIGITAL WD100EFAX [10TB SATA600 5400],https://kakaku.com/item/K0000972162/,10000.0,5400.0,256000.0,SerialATA600,39339
43,52,WESTERN DIGITAL WD2500AAKX [250GB SATA600 7200],https://kakaku.com/item/K0000315145/,250.0,7200.0,16000.0,0,2275
44,53,WESTERN DIGITAL WD10PURZ [1TB SATA600 5400],https://kakaku.com/item/K0000966641/,1000.0,5400.0,64000.0,SerialATA600,5776
45,55,WESTERN DIGITAL WD6003FZBX [6TB SATA600 7200],https://kakaku.com/item/K0001035975/,6000.0,7200.0,256000.0,SerialATA600,26508
46,56,SEAGATE ST500DM009 [500GB SATA600 7200],https://kakaku.com/item/K0000903571/,500.0,7200.0,32000.0,SerialATA600,4552
47,57,SEAGATE ST10000VN0004 [10TB SATA600 7200],https://kakaku.com/item/K0000896128/,10000.0,7200.0,256000.0,SerialATA600,34609
48,58,WESTERN DIGITAL WD1003FZEX [1TB SATA600 7200],https://kakaku.com/item/K0000596579/,1000.0,7200.0,64000.0,SerialATA600,7933
49,59,WESTERN DIGITAL WD2005FBYZ [2TB SATA600 7200],https://kakaku.com/item/K0000922235/,2000.0,7200.0,128000.0,SerialATA600,13059
50,62,SEAGATE ST12000VN0008 [12TB SATA600 7200],https://kakaku.com/item/K0001167551/,12000.0,7200.0,256000.0,SerialATA600,39500
51,63,WESTERN DIGITAL WD140EFFX [14TB SATA600 5400],https://kakaku.com/item/K0001215996/,14000.0,5400.0,512000.0,SerialATA600,62600
52,64,SEAGATE ST500DM002 [500GB SATA600 7200],https://kakaku.com/item/K0000280722/,500.0,7200.0,16000.0,0,3165
53,65,SEAGATE ST3160215ACE [160GB U100 7200],https://kakaku.com/item/K0000364318/,160.0,7200.0,2000.0,UltraATA100,5980
54,67,WESTERN DIGITAL WD4003FRYZ [4TB SATA600 7200],https://kakaku.com/item/K0001207347/,4000.0,7200.0,256000.0,SerialATA600,21500
55,68,SEAGATE ST10000VN0008 [10TB SATA600 7200],https://kakaku.com/item/K0001167552/,10000.0,7200.0,256000.0,SerialATA600,33000
56,70,WESTERN DIGITAL WD5000AZLX [500GB SATA600 7200],https://kakaku.com/item/K0000449787/,500.0,7200.0,32000.0,SerialATA600,4657
57,71,WESTERN DIGITAL WD10EZRZ-RT [1TB SATA600 5400],https://kakaku.com/item/K0000820662/,1000.0,5400.0,64000.0,SerialATA600,5929
58,73,WESTERN DIGITAL WD1005FBYZ [1TB SATA600 7200],https://kakaku.com/item/K0000952001/,1000.0,7200.0,128000.0,SerialATA600,9700
59,74,WESTERN DIGITAL WD2002FFSX [2TB SATA600 7200],https://kakaku.com/item/K0000921987/,2000.0,7200.0,64000.0,SerialATA600,14900
60,75,SEAGATE ST4000NE001 [4TB SATA600 7200],https://kakaku.com/item/K0001192619/,4000.0,7200.0,128000.0,SerialATA600,19580
61,77,WESTERN DIGITAL HUS726T6TALE6L4 [6TB SATA600 7200],https://kakaku.com/item/K0001114936/,6000.0,7200.0,256000.0,SerialATA600,28200
62,78,WESTERN DIGITAL WD101PURZ [10TB SATA600 7200],https://kakaku.com/item/K0001078043/,10000.0,7200.0,256000.0,SerialATA600,31350
63,79,WESTERN DIGITAL WD101KFBX [10TB SATA600 7200],https://kakaku.com/item/K0000972161/,10000.0,7200.0,256000.0,SerialATA600,49700
64,80,SEAGATE ST14000NE0008 [14TB SATA600 7200],https://kakaku.com/item/K0001090644/,14000.0,7200.0,256000.0,SerialATA600,50780
65,81,WESTERN DIGITAL WUH721414ALE6L4 [14TB SATA600 7200],https://kakaku.com/item/K0001127995/,14000.0,7200.0,512000.0,SerialATA600,66578
66,82,WESTERN DIGITAL WD6003FRYZ [6TB SATA600 7200],https://kakaku.com/item/K0001207346/,6000.0,7200.0,256000.0,SerialATA600,29778
67,83,WESTERN DIGITAL WD3200AAKS (320G SATA300 7200),https://kakaku.com/item/05302515806/,320.0,7200.0,16000.0,SerialATA300,3264
68,84,WESTERN DIGITAL WD5000AZRZ-RT [500GB SATA600 5400],https://kakaku.com/item/K0000820665/,500.0,5400.0,64000.0,SerialATA600,5250
69,85,SEAGATE ST1000VN002 [1TB SATA600 5900],https://kakaku.com/item/K0000896134/,1000.0,5900.0,64000.0,SerialATA600,6980
70,87,HGST HUS722T1TALA604 [1TB SATA600 7200],https://kakaku.com/item/K0000935362/,1000.0,7200.0,128000.0,SerialATA600,10052
71,88,SEAGATE ST2000DX002 [2TB SATA600 7200],https://kakaku.com/item/K0000913438/,2000.0,7200.0,64000.0,SerialATA600,10208
72,89,SEAGATE ST2000NM0008 [2TB SATA600 7200],https://kakaku.com/item/K0001035506/,2000.0,7200.0,128000.0,SerialATA600,13420
73,90,HGST HUS722T2TALA604 [2TB SATA600 7200],https://kakaku.com/item/K0001051522/,2000.0,7200.0,128000.0,SerialATA600,15239
74,92,WESTERN DIGITAL WD121PURZ [12TB SATA600 7200],https://kakaku.com/item/K0001080062/,12000.0,7200.0,256000.0,SerialATA600,50599
75,93,WESTERN DIGITAL WD5000AAKS (500G SATA300 7200),https://kakaku.com/item/05302515791/,500.0,7200.0,16000.0,SerialATA300,3956
76,94,WESTERN DIGITAL WD5000AAKX [500GB SATA600 7200],https://kakaku.com/item/K0000164534/,500.0,7200.0,16000.0,0,4620
77,97,WESTERN DIGITAL WD5003AZEX [500GB SATA600 7200],https://kakaku.com/item/K0000411658/,500.0,7200.0,64000.0,SerialATA600,7952
78,100,WESTERN DIGITAL WD2003FZEX [2TB SATA600 7200],https://kakaku.com/item/K0000596578/,2000.0,7200.0,64000.0,SerialATA600,14938
79,101,WESTERN DIGITAL WD40EFRX [4TB SATA600 5400],https://kakaku.com/item/K0000573468/,4000.0,5400.0,64000.0,SerialATA600,18655
80,103,WESTERN DIGITAL HUS726T4TALA6L4 [4TB SATA600 7200],https://kakaku.com/item/K0001114935/,4000.0,7200.0,256000.0,SerialATA600,21349
81,104,WESTERN DIGITAL WD102KRYZ [10TB SATA600 7200],https://kakaku.com/item/K0001220516/,10000.0,7200.0,256000.0,SerialATA600,47495
82,105,HGST HUH721010ALE600 [10TB SATA600 7200],https://kakaku.com/item/K0000835196/,10000.0,7200.0,256000.0,SerialATA600,48900
83,106,HGST HUH721010ALE604 [10TB SATA600 7200],https://kakaku.com/item/K0000835204/,10000.0,7200.0,256000.0,SerialATA600,49000
84,107,SEAGATE ST3250312AS [250GB SATA600 7200],https://kakaku.com/item/K0000228650/,250.0,7200.0,8000.0,0,2868
85,109,WESTERN DIGITAL WD20EFRX [2TB SATA600 5400],https://kakaku.com/item/K0000401035/,2000.0,5400.0,64000.0,SerialATA600,9900
86,111,ロジテック 【直販モデル】 LHD-DA40SAKWR [4TB SATA600 7200],https://kakaku.com/item/K0000724970/,4000.0,7200.0,64000.0,SerialATA600,17930
87,112,WESTERN DIGITAL WD4003FFBX [4TB SATA600 7200],https://kakaku.com/item/K0001046063/,4000.0,7200.0,256000.0,SerialATA600,22880
88,113,WESTERN DIGITAL HUS728T8TALE6L4 [8TB SATA600 7200],https://kakaku.com/item/K0001114938/,8000.0,7200.0,256000.0,SerialATA600,38045
89,114,WESTERN DIGITAL WD8004FRYZ [8TB SATA600 7200],https://kakaku.com/item/K0001207348/,8000.0,7200.0,256000.0,SerialATA600,38055
90,115,WESTERN DIGITAL WD121KRYZ [12TB SATA600 7200],https://kakaku.com/item/K0000999796/,12000.0,7200.0,256000.0,SerialATA600,53800
91,116,WESTERN DIGITAL HUH721212ALE604 [12TB SATA600 7200],https://kakaku.com/item/K0001127994/,12000.0,7200.0,256000.0,SerialATA600,59675
92,117,SEAGATE ST3500418AS (500GB SATA300 7200),https://kakaku.com/item/K0000014805/,500.0,7200.0,16000.0,SerialATA300,4154
93,123,SEAGATE ST6000DM004 [6TB SATA600 7200],https://kakaku.com/item/K0000930242/,6000.0,7200.0,256000.0,SerialATA600,20600
94,124,WESTERN DIGITAL WD6003FFBX [6TB SATA600 7200],https://kakaku.com/item/K0001044791/,6000.0,7200.0,256000.0,SerialATA600,29517
95,125,SEAGATE ST8000NE0004 [8TB SATA600 7200],https://kakaku.com/item/K0000980073/,8000.0,7200.0,256000.0,SerialATA600,34429
96,126,SEAGATE ST8000NM0055 [8TB SATA600 7200],https://kakaku.com/item/K0000880170/,8000.0,7200.0,256000.0,SerialATA600,34979
97,127,WESTERN DIGITAL WD8003FFBX [8TB SATA600 7200],https://kakaku.com/item/K0001058220/,8000.0,7200.0,256000.0,SerialATA600,40499
98,128,SEAGATE ST10000NM0086 [10TB SATA600 7200],https://kakaku.com/item/K0001051525/,10000.0,7200.0,256000.0,SerialATA600,42569
99,129,HGST HUH721212ALE600 [12TB SATA600 7200],https://kakaku.com/item/K0000996123/,12000.0,7200.0,256000.0,SerialATA600,54000
100,130,WESTERN DIGITAL WD141KFGX [14TB SATA600 7200],https://kakaku.com/item/K0001220515/,14000.0,7200.0,512000.0,SerialATA600,71949
101,133,ロジテック 【直販モデル】 LHD-DA10SAKWGP [1TB SATA300],https://kakaku.com/item/K0000343347/,1000.0,5400.0,64000.0,SerialATA300,6600
102,134,SEAGATE ST31000528AS (1TB SATA300 7200),https://kakaku.com/item/K0000014807/,1000.0,7200.0,32000.0,SerialATA300,7121
103,135,WESTERN DIGITAL WD05PURZ [500GB SATA600 5400],https://kakaku.com/item/K0000966640/,500.0,5400.0,64000.0,SerialATA600,7181
104,137,ロジテック 【直販モデル】 LHD-DA20SAKWGP [2TB SATA300],https://kakaku.com/item/K0000343349/,2000.0,5400.0,64000.0,SerialATA300,8030
105,139,東芝 DT01ACA200BOX [2TB SATA 7200],https://kakaku.com/item/K0000438644/,2000.0,7200.0,64000.0,0,8860
106,140,SEAGATE ST1000NM0008 [1TB SATA600 7200],https://kakaku.com/item/K0001035507/,1000.0,7200.0,128000.0,SerialATA600,9628
107,144,ロジテック 【直販モデル】 LHD-DA40SAKWGP [4TB SATA600 5400],https://kakaku.com/item/K0000724971/,4000.0,5400.0,64000.0,SerialATA600,11880
108,145,SEAGATE ST1000NM0055 [1TB SATA600 7200],https://kakaku.com/item/K0000935363/,1000.0,7200.0,128000.0,SerialATA600,12480
109,146,SEAGATE ST2000NE0025 [2TB SATA600 7200],https://kakaku.com/item/K0000951728/,2000.0,7200.0,128000.0,SerialATA600,13033
110,148,SEAGATE ST2000NM0055 [2TB SATA600 7200],https://kakaku.com/item/K0000925300/,2000.0,7200.0,128000.0,SerialATA600,16980
111,150,WESTERN DIGITAL HUS726T4TALE6L4 [4TB SATA600 7200],https://kakaku.com/item/K0001114937/,4000.0,7200.0,256000.0,SerialATA600,23100
112,151,SEAGATE ST4000NM0035 [4TB SATA600 7200],https://kakaku.com/item/K0001051523/,4000.0,7200.0,128000.0,SerialATA600,23100
113,153,SEAGATE ST10000VX0004 [10TB SATA600 7200],https://kakaku.com/item/K0000930253/,10000.0,7200.0,256000.0,SerialATA600,33830
114,155,HGST HUH721008ALE600 [8TB SATA600 7200],https://kakaku.com/item/K0000835197/,8000.0,7200.0,256000.0,SerialATA600,41200
115,156,SEAGATE ST8000NE0021 [8TB SATA600 7200],https://kakaku.com/item/K0000930245/,8000.0,7200.0,256000.0,SerialATA600,48920
116,158,SEAGATE ST12000NE0008 [12TB SATA600 7200],https://kakaku.com/item/K0001192616/,12000.0,7200.0,256000.0,SerialATA600,54041
117,159,WESTERN DIGITAL WD121KFBX [12TB SATA600 7200],https://kakaku.com/item/K0001163679/,12000.0,7200.0,256000.0,SerialATA600,61548
118,160,SEAGATE ST14000DM001 [14TB SATA600 7200],https://kakaku.com/item/K0001101159/,14000.0,7200.0,256000.0,SerialATA600,85310
119,163,WESTERN DIGITAL WD5002AALX [500GB SATA600 7200],https://kakaku.com/item/K0000221784/,500.0,7200.0,32000.0,0,5538
120,164,SEAGATE ST1500DL003 [1.5TB SATA600 5900],https://kakaku.com/item/K0000185739/,1500.0,5900.0,64000.0,0,5736
121,165,東芝 DT01ABA050V [500GB SATA600 5700],https://kakaku.com/item/K0000406699/,500.0,5700.0,32000.0,SerialATA600,5800
122,166,東芝 DT01ACA050BOX [500GB SATA 7200],https://kakaku.com/item/K0000438642/,500.0,7200.0,32000.0,0,6322
123,167,東芝 DT01ACA100BOX [1TB SATA 7200],https://kakaku.com/item/K0000438643/,1000.0,7200.0,32000.0,0,6390
124,168,東芝 DT01ABA100V [1TB SATA600 5700],https://kakaku.com/item/K0000406697/,1000.0,5700.0,32000.0,SerialATA600,6480
125,173,東芝 DT01ABA200V [2TB SATA600 5700],https://kakaku.com/item/K0000406695/,2000.0,5700.0,32000.0,SerialATA600,8900
126,174,東芝 MK2002TSKB [2TB SATA300 7200],https://kakaku.com/item/K0000184544/,2000.0,7200.0,64000.0,SerialATA300,9200
127,175,SEAGATE ST2000VM003 [2TB SATA600 5900],https://kakaku.com/item/K0000665228/,2000.0,5900.0,64000.0,SerialATA600,9397
128,179,東芝 DT01ABA300V [3TB SATA600 5940],https://kakaku.com/item/K0000406694/,3000.0,5940.0,32000.0,SerialATA600,9980
129,180,WESTERN DIGITAL WD2503ABYZ [250GB SATA600 7200],https://kakaku.com/item/K0000651713/,250.0,7200.0,64000.0,SerialATA600,10480
130,186,東芝 DT01ACA300BOX [3TB SATA 7200],https://kakaku.com/item/K0000438645/,3000.0,7200.0,64000.0,0,12158
131,192,WESTERN DIGITAL WD40EZRZ-RT [4TB SATA600 5400],https://kakaku.com/item/K0000820663/,4000.0,5400.0,64000.0,SerialATA600,16141
132,196,WESTERN DIGITAL WD2004FBYZ [2TB SATA600 7200],https://kakaku.com/item/K0000876594/,2000.0,7200.0,128000.0,SerialATA600,18329
133,198,ロジテック 【直販モデル】 LHD-DA20SAKWRP [2TB SATA600 7200],https://kakaku.com/item/K0000724201/,2000.0,7200.0,64000.0,SerialATA600,21340
134,199,SEAGATE ST3000NM0005 [3TB SATA600 7200],https://kakaku.com/item/K0000956538/,3000.0,7200.0,128000.0,SerialATA600,23759
135,201,SEAGATE ST4000NE0025 [4TB SATA600 7200],https://kakaku.com/item/K0000951727/,4000.0,7200.0,128000.0,SerialATA600,24980
136,205,SEAGATE ST6000NE000 [6TB SATA600 7200],https://kakaku.com/item/K0001192618/,6000.0,7200.0,256000.0,SerialATA600,31479
137,206,SEAGATE ST6000NE0023 [6TB SATA600 7200],https://kakaku.com/item/K0001032562/,6000.0,7200.0,256000.0,SerialATA600,31549
138,207,ロジテック 【直販モデル】 LHD-DA60SAKWR [6TB SATA600 7200],https://kakaku.com/item/K0000724967/,6000.0,7200.0,64000.0,SerialATA600,31790
139,209,SEAGATE ST8000NE001 [8TB SATA600 7200],https://kakaku.com/item/K0001192617/,8000.0,7200.0,256000.0,SerialATA600,32978
140,210,ロジテック 【直販モデル】 LHD-DA40SAKWRP [4TB SATA600 7200],https://kakaku.com/item/K0000724203/,4000.0,7200.0,64000.0,SerialATA600,33440
141,211,ロジテック 【直販モデル】 LHD-DA60SAKWGP [6TB SATA600 5400],https://kakaku.com/item/K0000724969/,6000.0,5400.0,64000.0,SerialATA600,33440
142,212,SEAGATE ST6000NM0115 [6TB SATA600 7200],https://kakaku.com/item/K0001051524/,6000.0,7200.0,256000.0,SerialATA600,33456
143,213,SEAGATE ST6000NE0021 [6TB SATA600 7200],https://kakaku.com/item/K0000930244/,6000.0,7200.0,256000.0,SerialATA600,36718
144,215,SEAGATE ST10000NE0004 [10TB SATA600 7200],https://kakaku.com/item/K0000930246/,10000.0,7200.0,256000.0,SerialATA600,44470
145,216,SEAGATE ST10000DM0004 [10TB SATA600 7200],https://kakaku.com/item/K0000909153/,10000.0,7200.0,256000.0,SerialATA600,45244
146,219,SEAGATE ST10000NM0016 [10TB SATA600 7200],https://kakaku.com/item/K0000870039/,10000.0,7200.0,256000.0,SerialATA600,48800
147,220,SEAGATE ST12000NE0007 [12TB SATA600 7200],https://kakaku.com/item/K0001004784/,12000.0,7200.0,256000.0,SerialATA600,49500
148,222,SEAGATE ST10000NE0008 [10TB SATA600 7200],https://kakaku.com/item/K0001167553/,10000.0,7200.0,256000.0,SerialATA600,50668
149,223,ロジテック 【直販モデル】 LHD-DA80SAKWR [8TB SATA600 5400],https://kakaku.com/item/K0000876887/,8000.0,5400.0,64000.0,SerialATA600,55440
150,224,WESTERN DIGITAL WD140PURZ [14TB SATA600 7200],https://kakaku.com/item/K0001221781/,14000.0,7200.0,512000.0,SerialATA600,56799
151,227,HGST HUS726060ALA640 [6TB SATA600 7200],https://kakaku.com/item/K0000591565/,6000.0,7200.0,64000.0,SerialATA600,59160
152,229,SEAGATE ST12000NM0007 [12TB SATA600 7200],https://kakaku.com/item/K0001009304/,12000.0,7200.0,256000.0,SerialATA600,61137
153,240,SEAGATE ST2000LX001 [2TB 7mm],https://kakaku.com/item/K0000930260/,2000.0,5400.0,128000.0,SerialATA600,8100
154,241,東芝 MQ01ABD100 [1TB 9.5mm],https://kakaku.com/item/K0000276595/,1000.0,5400.0,8000.0,SerialATA300,4683
155,242,WESTERN DIGITAL WD10SPZX [1TB 7mm],https://kakaku.com/item/K0000983114/,1000.0,5400.0,128000.0,SerialATA600,5280
156,243,WESTERN DIGITAL WD5000LPCX [500GB 7mm],https://kakaku.com/item/K0000862479/,500.0,5400.0,16000.0,SerialATA600,3440
157,244,WESTERN DIGITAL WD20SPZX [2TB 7mm],https://kakaku.com/item/K0001035209/,2000.0,5400.0,128000.0,SerialATA600,9793
158,245,東芝 MQ01ABD050 [500GB 9.5mm],https://kakaku.com/item/K0000276597/,500.0,5400.0,8000.0,0,3442
159,246,WESTERN DIGITAL WD40NPZZ [4TB 15mm],https://kakaku.com/item/K0000976782/,4000.0,5400.0,8000.0,SerialATA600,15645
160,248,SEAGATE ST1000LM048 [1TB 7mm],https://kakaku.com/item/K0000920811/,1000.0,5400.0,128000.0,SerialATA600,4818
161,249,SEAGATE ST1000LM049 [1TB 7mm],https://kakaku.com/item/K0001055642/,1000.0,7200.0,128000.0,SerialATA600,6780
162,250,SEAGATE ST500LT012 [500GB 7mm],https://kakaku.com/item/K0000393708/,500.0,5400.0,16000.0,SerialATA300,2967
163,252,WESTERN DIGITAL WD3200LPVX [320GB 7mm],https://kakaku.com/item/K0000519162/,320.0,5400.0,8000.0,SerialATA600,2571
164,253,HGST HTS541515A9E630 [1.5TB 9.5mm],https://kakaku.com/item/K0000559557/,1500.0,5400.0,32000.0,SerialATA600,5980
165,254,SEAGATE ST2000LM015 [2TB 7mm],https://kakaku.com/item/K0000920810/,2000.0,5400.0,128000.0,SerialATA600,7690
166,255,東芝 MK2576GSX [250GB 9.5mm],https://kakaku.com/item/K0000255901/,250.0,5400.0,8000.0,SerialATA300,2900
167,257,SEAGATE ST500LM034 [500GB 7mm],https://kakaku.com/item/K0001055643/,500.0,7200.0,128000.0,SerialATA600,5787
168,259,SEAGATE ST250LT003 [250GB 7mm],https://kakaku.com/item/K0000393713/,250.0,5400.0,16000.0,SerialATA300,2571
169,260,WESTERN DIGITAL WD5000MPCK [500GB 5mm],https://kakaku.com/item/K0000624750/,500.0,5400.0,16000.0,SerialATA600,3200
170,261,HGST HTS545050B7E660 [500GB 7mm],https://kakaku.com/item/K0000960171/,500.0,5400.0,16000.0,SerialATA600,4450
171,262,HGST HTS541680J9AT00 (80G 9.5mm),https://kakaku.com/item/05360410350/,80.0,5400.0,8000.0,UltraATA100,4578
172,263,SEAGATE ST500LM030 [500GB 7mm],https://kakaku.com/item/K0000930254/,500.0,5400.0,128000.0,SerialATA600,4650
173,264,SEAGATE ST1000LX015 [1TB 7mm],https://kakaku.com/item/K0000930259/,1000.0,5400.0,128000.0,SerialATA600,7280
174,265,SEAGATE ST2000LM007 [2TB 7mm],https://kakaku.com/item/K0000874961/,2000.0,5400.0,128000.0,SerialATA600,7384
175,266,SEAGATE ST4000LM024 [4TB 15mm],https://kakaku.com/item/K0000930256/,4000.0,5400.0,128000.0,SerialATA600,13595
176,267,SEAGATE ST5000LM000 [5TB 15mm],https://kakaku.com/item/K0000930257/,5000.0,5400.0,128000.0,SerialATA600,17763
177,268,HGST HTS545032A7E380 [320GB 7mm],https://kakaku.com/item/K0000220782/,320.0,5400.0,8000.0,SerialATA300,3101
178,270,東芝 MQ01ABD100M [1TB 9.5mm],https://kakaku.com/item/K0000914396/,1000.0,5400.0,8000.0,SerialATA600,4665
179,271,SEAGATE ST250LT007 [250GB 7mm],https://kakaku.com/item/K0000393719/,250.0,7200.0,16000.0,SerialATA300,3022
180,272,WESTERN DIGITAL WD5000LPVX [500GB 7mm],https://kakaku.com/item/K0000512071/,500.0,5400.0,8000.0,SerialATA600,3461
181,274,HGST HTS727564A9E364 [640GB 9.5mm],https://kakaku.com/item/K0000156534/,640.0,7200.0,16000.0,SerialATA,4665
182,275,WESTERN DIGITAL WD5000LPLX [500GB 7mm],https://kakaku.com/item/K0000755023/,500.0,7200.0,32000.0,SerialATA600,5980
183,276,WESTERN DIGITAL WD2500BEVE (250GB 9.5mm),https://kakaku.com/item/05366010558/,250.0,5400.0,8000.0,UltraATA100,6600
184,279,WESTERN DIGITAL WD3200BEVT (320G 9.5mm),https://kakaku.com/item/05366010527/,320.0,5400.0,8000.0,0,3560
185,280,東芝 MK3276GSX [320GB 9.5mm],https://kakaku.com/item/K0000255902/,320.0,5400.0,8000.0,SerialATA300,3740
186,281,WESTERN DIGITAL WD5000BEVT (500GB 9.5mm),https://kakaku.com/item/05366010669/,500.0,5400.0,8000.0,SerialATA300,4549
187,282,HGST HTS541616J9AT00 (160G 9.5mm),https://kakaku.com/item/05360410348/,160.0,5400.0,8000.0,UltraATA100,6050
188,284,WESTERN DIGITAL WD3200LPVT [320GB 6.8mm],https://kakaku.com/item/K0000395142/,320.0,5400.0,8000.0,SerialATA300,3165
189,285,東芝 MK5076GSX [500GB 9.5mm],https://kakaku.com/item/K0000255903/,500.0,5400.0,8000.0,SerialATA300,3758
190,286,SEAGATE ST9500325AS (500GB 9.5mm),https://kakaku.com/item/K0000012478/,500.0,5400.0,8000.0,SerialATA,3850
191,287,WESTERN DIGITAL WD3200LPCX [320GB 7mm],https://kakaku.com/item/K0000862480/,320.0,5400.0,16000.0,SerialATA600,4895
192,288,HGST HTS545025A7E680 [250GB 7mm],https://kakaku.com/item/K0000756108/,250.0,5400.0,8000.0,SerialATA600,5044
193,289,SEAGATE ST1000LM035 [1TB 7mm],https://kakaku.com/item/K0000874962/,1000.0,5400.0,128000.0,SerialATA600,5680
194,290,SEAGATE ST500LX025 [500GB 7mm],https://kakaku.com/item/K0000930258/,500.0,5400.0,128000.0,SerialATA600,6038
195,291,東芝 MQ01ABF050BOX [500GB 7mm],https://kakaku.com/item/K0000565812/,500.0,5400.0,8000.0,SerialATA600,6480
196,292,東芝 MQ01ABD032BOX [320GB 9.5mm],https://kakaku.com/item/K0000438682/,320.0,5400.0,8000.0,SerialATA,6740
197,297,SEAGATE ST1000LX001 [1TB 9.5mm],https://kakaku.com/item/K0000858846/,1000.0,5400.0,64000.0,SerialATA600,14980
198,298,WESTERN DIGITAL WD30NPZZ [3TB 15mm],https://kakaku.com/item/K0000976781/,3000.0,5400.0,8000.0,SerialATA600,15580
199,299,SEAGATE ST2000NX0403 [2TB 15mm],https://kakaku.com/item/K0001118498/,2000.0,7200.0,128000.0,SerialATA600,42648
200,300,HGST HTS543232A7A384 [320GB 7mm],https://kakaku.com/item/K0000116654/,320.0,5400.0,8000.0,SerialATA300,3165
201,302,東芝 MK4058GSX (400GB 9.5mm),https://kakaku.com/item/05361010630/,400.0,5400.0,8000.0,SerialATA300,3392
202,303,東芝 MK6034GAX (60GB 9.5mm),https://kakaku.com/item/05361010336/,60.0,5400.0,8000.0,0,3560
203,304,HGST HTS543232L9A300 (320GB 9.5mm),https://kakaku.com/item/05360410543/,320.0,5400.0,8000.0,SerialATA300,3758
204,305,東芝 MQ01ABD032 [320GB 9.5mm],https://kakaku.com/item/K0000276598/,320.0,5400.0,8000.0,0,4279
205,306,WESTERN DIGITAL WD3200BPVT [320GB 9.5mm],https://kakaku.com/item/K0000274643/,320.0,5400.0,8000.0,SerialATA300,4450
206,309,東芝 MK6476GSX [640GB 9.5mm],https://kakaku.com/item/K0000489511/,640.0,5400.0,8000.0,SerialATA300,5866
207,310,東芝 MQ01ABF032BOX [320GB 7mm],https://kakaku.com/item/K0000565813/,320.0,5400.0,8000.0,SerialATA600,6013
208,313,WESTERN DIGITAL WD3200LPLX [320GB 7mm],https://kakaku.com/item/K0000879804/,320.0,7200.0,32000.0,SerialATA600,7080
209,314,WESTERN DIGITAL WD2500LPLX [250GB 7mm],https://kakaku.com/item/K0000879805/,250.0,7200.0,32000.0,SerialATA600,7280
210,315,東芝 MQ01ABD100BOX [1TB 9.5mm],https://kakaku.com/item/K0000438685/,1000.0,5400.0,8000.0,SerialATA,7780
211,316,東芝 MQ01ABC150 [1.5TB 12.5mm],https://kakaku.com/item/K0000486947/,1500.0,5400.0,8000.0,0,10800
212,317,ロジテック 【直販モデル】 LHD-NA10SAKWR [1TB 9.5mm],https://kakaku.com/item/K0000855068/,1000.0,5400.0,8000.0,SerialATA600,12210
213,318,WESTERN DIGITAL WD10SPCX [1TB 7mm],https://kakaku.com/item/K0000563073/,1000.0,5400.0,16000.0,SerialATA600,13046
214,319,ロジテック 【直販モデル】 LHD-NA20SAKWGP [2TB 15mm],https://kakaku.com/item/K0000855067/,2000.0,5400.0,8000.0,SerialATA600,15180
215,322,SEAGATE ST1000NX0423 [1TB 15mm],https://kakaku.com/item/K0001118499/,1000.0,7200.0,128000.0,SerialATA600,23282
216,323,SEAGATE ST2000NX0253 [2TB 15mm],https://kakaku.com/item/K0000913633/,2000.0,7200.0,128000.0,SerialATA600,40736
217,324,富士通 MBB2073RC (73.5GB 10025 SAS),https://kakaku.com/item/K0000052533/,73.5,10025.0,16000.0,SAS,1480
218,325,SEAGATE ST1000NX0453 [1TB 7200 SAS3.0],https://kakaku.com/item/K0001118497/,1000.0,7200.0,128000.0,SAS3.0,24882
219,326,SEAGATE ST8000NM0075 [8TB 7200 SAS3.0],https://kakaku.com/item/K0000880250/,8000.0,7200.0,256000.0,SAS3.0,37839
220,328,東芝 MK2001TRKB [2TB 7200 SAS2.0],https://kakaku.com/item/K0000184546/,2000.0,7200.0,16000.0,SAS2.0,8900
221,330,SEAGATE ST3000NM0025 [3TB 7200 SAS3.0],https://kakaku.com/item/K0001018695/,3000.0,7200.0,128000.0,SAS3.0,24397
222,332,SEAGATE ST10000NM0096 [10TB 7200 SAS3.0],https://kakaku.com/item/K0001159934/,10000.0,7200.0,256000.0,SAS3.0,43779
223,333,富士通 MBE2073RC (73.5GB 15000 SAS),https://kakaku.com/item/K0000003208/,73.5,15000.0,16000.0,SAS,3040
224,334,富士通 MBD2147RC (147GB 10025 SAS),https://kakaku.com/item/K0000003206/,147.0,10025.0,16000.0,SAS,8650
225,335,東芝 MBF2300RC (300GB 10025 SAS2.0),https://kakaku.com/item/K0000091295/,300.0,10025.0,16000.0,SAS2.0,8985
226,336,WESTERN DIGITAL WD1001FYYG [1TB 7200 SAS2.0],https://kakaku.com/item/K0000835854/,1000.0,7200.0,32000.0,SAS2.0,19799
227,341,HGST HUH721008AL5200 [8TB 7200 SAS3.0],https://kakaku.com/item/K0000835219/,8000.0,7200.0,256000.0,SAS3.0,52799
228,342,SEAGATE ST2000NX0433 [2TB 7200 SAS3.0],https://kakaku.com/item/K0001118496/,2000.0,7200.0,128000.0,SAS3.0,56780
229,343,HGST HUH721010AL5200 [10TB 7200 SAS3.0],https://kakaku.com/item/K0000835218/,10000.0,7200.0,256000.0,SAS3.0,58629
230,345,SEAGATE ST12000NM0027 [12TB 7200 SAS3.0],https://kakaku.com/item/K0001159935/,12000.0,7200.0,256000.0,SAS3.0,65779
231,346,HGST HUH721212AL5200 [12TB 7200 SAS3.0],https://kakaku.com/item/K0001032507/,12000.0,7200.0,256000.0,SAS3.0,68969
